"table_group","table_name","column_position","column_name","declared_type","is_primary_key","is_opaque_payload","n_rows","n_non_null","fill_rate","n_distinct","min_value","max_value","example_value"
"1-run-provenance","extraction_runs",1,"run_id","TEXT",1,0,1,1,1,1,"maelstrom-20260728T021329","maelstrom-20260728T021329","maelstrom-20260728T021329"
"1-run-provenance","extraction_runs",2,"started_at_utc","TEXT",0,0,1,1,1,1,"2026-07-28 02:13:29 UTC","2026-07-28 02:13:29 UTC","2026-07-28 02:13:29 UTC"
"1-run-provenance","extraction_runs",3,"completed_at_utc","TEXT",0,0,1,1,1,1,"2026-07-28 02:14:49 UTC","2026-07-28 02:14:49 UTC","2026-07-28 02:14:49 UTC"
"1-run-provenance","extraction_runs",4,"base_url","TEXT",0,0,1,1,1,1,"https://www.maelstrom-research.org","https://www.maelstrom-research.org","https://www.maelstrom-research.org"
"1-run-provenance","extraction_runs",5,"inventory_url","TEXT",0,0,1,1,1,1,"https://www.maelstrom-research.org/ws/studies/_rql?query=study%28in%28Mica_study...","https://www.maelstrom-research.org/ws/studies/_rql?query=study%28in%28Mica_study...","https://www.maelstrom-research.org/ws/studies/_rql?query=study%28in%28Mica_study..."
"1-run-provenance","extraction_runs",6,"requested_max_studies","INTEGER",0,0,1,0,0,0,,,
"1-run-provenance","extraction_runs",7,"page_size","INTEGER",0,0,1,1,1,1,"50","50","50"
"1-run-provenance","extraction_runs",8,"expected_total_studies","INTEGER",0,0,1,1,1,1,"455","455","455"
"1-run-provenance","extraction_runs",9,"extracted_inventory_studies","INTEGER",0,0,1,1,1,1,"455","455","455"
"1-run-provenance","extraction_runs",10,"extracted_detail_studies","INTEGER",0,0,1,1,1,1,"455","455","455"
"1-run-provenance","extraction_runs",11,"status","TEXT",0,0,1,1,1,1,"completed","completed","completed"
"1-run-provenance","extraction_runs",12,"notes","TEXT",0,0,1,0,0,0,,,
"2-raw-payload","study_inventory",1,"run_id","TEXT",1,0,455,455,1,1,"maelstrom-20260728T021329","maelstrom-20260728T021329","maelstrom-20260728T021329"
"2-raw-payload","study_inventory",2,"inventory_rank","INTEGER",0,0,455,455,1,455,"1","455","1"
"2-raw-payload","study_inventory",3,"study_id","TEXT",1,0,455,455,1,455,"3d","zulu","3d"
"2-raw-payload","study_inventory",4,"source_url","TEXT",0,0,455,455,1,10,"https://www.maelstrom-research.org/ws/studies/_rql?query=study%28in%28Mica_study...","https://www.maelstrom-research.org/ws/studies/_rql?query=study%28in%28Mica_study...","https://www.maelstrom-research.org/ws/studies/_rql?query=study%28in%28Mica_study..."
"2-raw-payload","study_inventory",5,"study_page_url","TEXT",0,0,455,455,1,455,"https://www.maelstrom-research.org/study/3d","https://www.maelstrom-research.org/study/zulu","https://www.maelstrom-research.org/study/bcs70"
"2-raw-payload","study_inventory",6,"study_resource_path","TEXT",0,0,455,455,1,1,"individual-study","individual-study","individual-study"
"2-raw-payload","study_inventory",7,"name_en","TEXT",0,0,455,455,1,455,"1970 British Cohort Study","iConquerMS People-Powered Research Network","1970 British Cohort Study"
"2-raw-payload","study_inventory",8,"acronym_en","TEXT",0,0,455,455,1,451,"10/66","stenoCARDIA","BCS70"
"2-raw-payload","study_inventory",9,"objectives_html_en","TEXT",0,1,455,455,1,455,,,
"2-raw-payload","study_inventory",10,"design_code","TEXT",0,0,455,455,1,7,"case_control","registry","cohort_study"
"2-raw-payload","study_inventory",11,"target_number","INTEGER",0,0,455,455,1,346,"0","4275000","17198"
"2-raw-payload","study_inventory",12,"target_no_limit","INTEGER",0,0,455,455,1,2,"0","1","0"
"2-raw-payload","study_inventory",13,"summary_json","TEXT",0,1,455,455,1,455,,,
"2-raw-payload","study_detail_raw",1,"run_id","TEXT",1,0,455,455,1,1,"maelstrom-20260728T021329","maelstrom-20260728T021329","maelstrom-20260728T021329"
"2-raw-payload","study_detail_raw",2,"study_id","TEXT",1,0,455,455,1,455,"3d","zulu","3d"
"2-raw-payload","study_detail_raw",3,"source_url","TEXT",0,0,455,455,1,455,"https://www.maelstrom-research.org/ws/study/3d","https://www.maelstrom-research.org/ws/study/zulu","https://www.maelstrom-research.org/ws/study/bcs70"
"2-raw-payload","study_detail_raw",4,"fetched_at_utc","TEXT",0,0,455,455,1,68,"2026-07-28 02:13:40 UTC","2026-07-28 02:14:47 UTC","2026-07-28 02:13:40 UTC"
"2-raw-payload","study_detail_raw",5,"payload_json","TEXT",0,1,455,455,1,455,,,
"3-study-core","studies",1,"run_id","TEXT",1,0,455,455,1,1,"maelstrom-20260728T021329","maelstrom-20260728T021329","maelstrom-20260728T021329"
"3-study-core","studies",2,"study_id","TEXT",1,0,455,455,1,455,"3d","zulu","3d"
"3-study-core","studies",3,"published","INTEGER",0,0,455,455,1,1,"1","1","1"
"3-study-core","studies",4,"study_resource_path","TEXT",0,0,455,455,1,1,"individual-study","individual-study","individual-study"
"3-study-core","studies",5,"name_en","TEXT",0,0,455,455,1,455,"1970 British Cohort Study","iConquerMS People-Powered Research Network","1970 British Cohort Study"
"3-study-core","studies",6,"acronym_en","TEXT",0,0,455,455,1,451,"10/66","stenoCARDIA","BCS70"
"3-study-core","studies",7,"objectives_html_en","TEXT",0,1,455,455,1,455,,,
"3-study-core","studies",8,"website_url","TEXT",0,0,455,346,0.7604,307,"","www.snacnordanstig.se","https://cls.ucl.ac.uk/cls-studies/1970-british-cohort-study/"
"3-study-core","studies",9,"design_code","TEXT",0,0,455,455,1,7,"case_control","registry","case_control"
"3-study-core","studies",10,"follow_up_info_html_en","TEXT",0,1,455,421,0.9253,405,,,
"3-study-core","studies",11,"methods_info_html_en","TEXT",0,1,455,175,0.3846,125,,,
"3-study-core","studies",12,"start_year","INTEGER",0,0,455,455,1,73,"1920","2026","1970"
"3-study-core","studies",13,"recruitment_target","TEXT",0,0,455,455,1,6,"","other","individuals"
"3-study-core","studies",14,"target_number","INTEGER",0,0,455,380,0.8352,345,"20","4275000","17198"
"3-study-core","studies",15,"target_no_limit","INTEGER",0,0,455,455,1,2,"0","1","0"
"3-study-core","studies",16,"access_data","TEXT",0,0,455,451,0.9912,3,"na","yes","yes"
"3-study-core","studies",17,"access_biosamples","TEXT",0,0,455,448,0.9846,3,"na","yes","no"
"3-study-core","studies",18,"access_other","TEXT",0,0,455,436,0.9582,3,"na","yes","na"
"3-study-core","studies",19,"access_fees","INTEGER",0,0,455,390,0.8571,2,"0","1","0"
"3-study-core","studies",20,"access_restrictions","INTEGER",0,0,455,390,0.8571,2,"0","1","0"
"3-study-core","studies",21,"maelstrom_authorized","INTEGER",0,0,455,455,1,2,"0","1","1"
"3-study-core","studies",22,"maelstrom_authorizer","TEXT",0,0,455,199,0.4374,184,"Allison Watts","Zabrina Brumme","Dr. Alice Sullivan"
"3-study-core","studies",23,"maelstrom_authorization_date","TEXT",0,0,455,153,0.3363,60,"1969-12-31","2026-04-25","1969-12-31"
"3-study-core","studies",24,"specific_authorized","INTEGER",0,0,455,455,1,2,"0","1","1"
"3-study-core","studies",25,"specific_authorizer","TEXT",0,0,455,154,0.3385,145,"Alissa Goodman","Zabrina Brumme","Dr. Alice Sullivan"
"3-study-core","studies",26,"specific_authorization_date","TEXT",0,0,455,103,0.2264,21,"1969-12-31","2021-11-11","1969-12-31"
"3-study-core","studies",27,"marker_paper","TEXT",0,0,455,311,0.6835,291,"","van Lenthe FJ, Kamphuis CB, Beenackers MA, Jansen T, Looman CW, Nusselder WJ, Ma...","Elliott J, Shepherd P. Cohort profile: 1970 British Birth Cohort (BCS70). Intern..."
"3-study-core","studies",28,"pubmed_id","TEXT",0,0,455,271,0.5956,255,"","9875839","16931528"
"3-study-core","studies",29,"content_json","TEXT",0,1,455,455,1,455,,,
"4-study-context","study_memberships",1,"run_id","TEXT",0,0,2199,2199,1,1,"maelstrom-20260728T021329","maelstrom-20260728T021329","maelstrom-20260728T021329"
"4-study-context","study_memberships",2,"study_id","TEXT",0,0,2199,2199,1,454,"3d","zulu","bcs70"
"4-study-context","study_memberships",3,"membership_role","TEXT",0,0,2199,2199,1,2,"contact","investigator","contact"
"4-study-context","study_memberships",4,"member_id","TEXT",0,0,2199,2199,1,1565,"56549150e4b01078388690b9","6a3f42d63a0b6f3a1198dc2e","56549160e4b010783886926c"
"4-study-context","study_memberships",5,"title","TEXT",0,0,2199,1897,0.8627,20,"Assoc. Pr.","van","Dr."
"4-study-context","study_memberships",6,"first_name","TEXT",0,0,2199,2185,0.9936,1108," Georgios M. ","Östen","Alice"
"4-study-context","study_memberships",7,"last_name","TEXT",0,0,2199,2199,1,1430,"Aartsen","Ärnlöv","Sullivan"
"4-study-context","study_memberships",8,"email","TEXT",0,0,2199,1944,0.884,1316," benjamin.tauber@psychologie.uni-heidelberg.de","zhaoruiliu@gmail.com","a.sullivan@ioe.ac.uk"
"4-study-context","study_memberships",9,"phone","TEXT",0,0,2199,1342,0.6103,851," 212-305-2391","popcorn@lhsc.on.ca","+44 (0)207 612 6661"
"4-study-context","study_memberships",10,"institution_name_en","TEXT",0,0,2199,2160,0.9823,621," Institut National de la Santé et de la Recherche Médicale (INSERM)","Zürich University Hospital","University of London"
"4-study-context","study_memberships",11,"department_en","TEXT",0,0,2199,1391,0.6326,504," Centre for Research on Ageing, Health and Wellbeing","Épidémiologie et systèmes de santé","Centre for Longitudinal Studies"
"4-study-context","study_memberships",12,"city_en","TEXT",0,0,2199,1948,0.8859,219,"Aarau","Zürich","London"
"4-study-context","study_memberships",13,"country_iso","TEXT",0,0,2199,2063,0.9382,50,"ALB","ZAF","GBR"
"4-study-context","study_memberships",14,"member_json","TEXT",0,1,2199,2199,1,1727,,,
"4-study-context","study_attributes",1,"run_id","TEXT",0,0,1628,1628,1,1,"maelstrom-20260728T021329","maelstrom-20260728T021329","maelstrom-20260728T021329"
"4-study-context","study_attributes",2,"study_id","TEXT",0,0,1628,1628,1,201,"50ymg","zulu","bcs70"
"4-study-context","study_attributes",3,"attribute_namespace","TEXT",0,0,1628,1628,1,1,"Mlstr_area","Mlstr_area","Mlstr_area"
"4-study-context","study_attributes",4,"attribute_name","TEXT",0,0,1628,1628,1,18,"Administrative_information","Symptoms_signs","Administrative_information"
"5-population-layer","study_populations",1,"run_id","TEXT",1,0,998,998,1,1,"maelstrom-20260728T021329","maelstrom-20260728T021329","maelstrom-20260728T021329"
"5-population-layer","study_populations",2,"study_id","TEXT",1,0,998,998,1,455,"3d","zulu","3d"
"5-population-layer","study_populations",3,"population_id","TEXT",1,0,998,998,1,39,"1","t-n","1"
"5-population-layer","study_populations",4,"display_order","INTEGER",0,0,998,998,1,20,"0","19","0"
"5-population-layer","study_populations",5,"name_en","TEXT",0,0,998,998,1,998," AdoQuest study population ","seroMARK-VR - non-Black Canadians","BCS70 population"
"5-population-layer","study_populations",6,"description_html_en","TEXT",0,1,998,995,0.997,962,,,
"5-population-layer","study_populations",7,"participant_number","INTEGER",0,0,998,848,0.8497,637,"1","4275000","17198"
"5-population-layer","study_populations",8,"participant_no_limit","INTEGER",0,0,998,998,1,2,"0","1","0"
"5-population-layer","study_populations",9,"sample_number","INTEGER",0,0,998,526,0.5271,383,"0","486019","2357"
"5-population-layer","study_populations",10,"sample_no_limit","INTEGER",0,0,998,992,0.994,2,"0","1","0"
"5-population-layer","study_populations",11,"participant_info_html_en","TEXT",0,1,998,391,0.3918,305,,,
"5-population-layer","study_populations",12,"minimum_age","INTEGER",0,0,998,658,0.6593,61,"0","100","18"
"5-population-layer","study_populations",13,"maximum_age","INTEGER",0,0,998,368,0.3687,62,"1","105","47"
"5-population-layer","study_populations",14,"newborn","INTEGER",0,0,998,998,1,2,"0","1","1"
"5-population-layer","study_populations",15,"twins","INTEGER",0,0,998,998,1,2,"0","1","0"
"5-population-layer","study_populations",16,"territory_html_en","TEXT",0,1,998,848,0.8497,286,,,
"5-population-layer","study_populations",17,"content_json","TEXT",0,1,998,998,1,973,,,
"5-population-layer","population_countries",1,"run_id","TEXT",0,0,1127,1127,1,1,"maelstrom-20260728T021329","maelstrom-20260728T021329","maelstrom-20260728T021329"
"5-population-layer","population_countries",2,"study_id","TEXT",0,0,1127,1127,1,455,"3d","zulu","bcs70"
"5-population-layer","population_countries",3,"population_id","TEXT",0,0,1127,1127,1,39,"1","t-n","1"
"5-population-layer","population_countries",4,"country_iso","TEXT",0,0,1127,1127,1,61,"ALB","ZAF","ALB"
"5-population-layer","population_recruitment_terms",1,"run_id","TEXT",0,0,2051,2051,1,1,"maelstrom-20260728T021329","maelstrom-20260728T021329","maelstrom-20260728T021329"
"5-population-layer","population_recruitment_terms",2,"study_id","TEXT",0,0,2051,2051,1,452,"3d","zulu","bcs70"
"5-population-layer","population_recruitment_terms",3,"population_id","TEXT",0,0,2051,2051,1,38,"1","t-n","1"
"5-population-layer","population_recruitment_terms",4,"term_group","TEXT",0,0,2051,2051,1,3,"data_sources","specific_population_sources","data_sources"
"5-population-layer","population_recruitment_terms",5,"term_value","TEXT",0,0,2051,2051,1,9,"clinic_patients","volunteer","exist_studies"
"6-event-layer","data_collection_events",1,"run_id","TEXT",1,0,6483,6483,1,1,"maelstrom-20260728T021329","maelstrom-20260728T021329","maelstrom-20260728T021329"
"6-event-layer","data_collection_events",2,"study_id","TEXT",1,0,6483,6483,1,455,"3d","zulu","3d"
"6-event-layer","data_collection_events",3,"population_id","TEXT",1,0,6483,6483,1,39,"1","t-n","1"
"6-event-layer","data_collection_events",4,"dce_id","TEXT",1,0,6483,6483,1,88,"0","r","1"
"6-event-layer","data_collection_events",5,"display_order","INTEGER",0,0,6483,6483,1,83,"0","82","0"
"6-event-layer","data_collection_events",6,"name_en","TEXT",0,0,6483,6483,1,6190,"10-day follow up period","seroMARK-VR - non-Black Canadians - 0-30 days pre-dose 1","BCS 1970 - Birth survey"
"6-event-layer","data_collection_events",7,"description_html_en","TEXT",0,1,6483,6482,0.9998,3196,,,
"6-event-layer","data_collection_events",8,"start_year","INTEGER",0,0,6483,6483,1,98,"1920","2032","1970"
"6-event-layer","data_collection_events",9,"end_year","INTEGER",0,0,6483,5693,0.8781,95,"1922","2035","1970"
"6-event-layer","data_collection_events",10,"other_data_sources_html_en","TEXT",0,1,6483,1105,0.1704,181,,,
"6-event-layer","data_collection_events",11,"content_json","TEXT",0,1,6483,6483,1,1747,,,
"6-event-layer","dce_data_sources",1,"run_id","TEXT",0,0,14347,14347,1,1,"maelstrom-20260728T021329","maelstrom-20260728T021329","maelstrom-20260728T021329"
"6-event-layer","dce_data_sources",2,"study_id","TEXT",0,0,14347,14347,1,455,"3d","zulu","bcs70"
"6-event-layer","dce_data_sources",3,"population_id","TEXT",0,0,14347,14347,1,39,"1","t-n","1"
"6-event-layer","dce_data_sources",4,"dce_id","TEXT",0,0,14347,14347,1,88,"0","r","1"
"6-event-layer","dce_data_sources",5,"data_source_code","TEXT",0,0,14347,14347,1,6,"administratives_databases","questionnaires","administratives_databases"
"6-event-layer","dce_biosamples",1,"run_id","TEXT",0,0,4585,4585,1,1,"maelstrom-20260728T021329","maelstrom-20260728T021329","maelstrom-20260728T021329"
"6-event-layer","dce_biosamples",2,"study_id","TEXT",0,0,4585,4585,1,308,"3d","y2k","bcs70"
"6-event-layer","dce_biosamples",3,"population_id","TEXT",0,0,4585,4585,1,33,"1","Venezuela","1"
"6-event-layer","dce_biosamples",4,"dce_id","TEXT",0,0,4585,4585,1,87,"0","Wave2","10"
"6-event-layer","dce_biosamples",5,"biosample_code","TEXT",0,0,4585,4585,1,9,"blood","urine","blood"
