"table_name","column_name","declared_type","ordinal_position","row_count","n_non_null","fill_rate","n_distinct","min_value","max_value","example_value","is_opaque_payload"
"ellis_runs","ellis_run_id","TEXT",1,1,1,1,1,"ellis-20260728T015434","ellis-20260728T015434","ellis-20260728T015434",0
"ellis_runs","ferry_run_id","TEXT",2,1,1,1,1,"maelstrom-20260727T174615","maelstrom-20260727T174615","maelstrom-20260727T174615",0
"ellis_runs","ferry_run_status","TEXT",3,1,1,1,1,"completed","completed","completed",0
"ellis_runs","ferry_run_completed_at_utc","TEXT",4,1,1,1,1,"2026-07-27 17:47:32 UTC","2026-07-27 17:47:32 UTC","2026-07-27 17:47:32 UTC",0
"ellis_runs","started_at_utc","TEXT",5,1,1,1,1,"2026-07-28 01:54:34 UTC","2026-07-28 01:54:34 UTC","2026-07-28 01:54:34 UTC",0
"ellis_runs","completed_at_utc","TEXT",6,1,1,1,1,"2026-07-28 01:54:36 UTC","2026-07-28 01:54:36 UTC","2026-07-28 01:54:36 UTC",0
"ellis_runs","source_db_path","TEXT",7,1,1,1,1,,,,1
"ellis_runs","target_db_path","TEXT",8,1,1,1,1,,,,1
"ellis_runs","lexicon_concepts","INTEGER",9,1,1,1,1,"4","4","4",0
"ellis_runs","lexicon_terms","INTEGER",10,1,1,1,1,"37","37","37",0
"ellis_runs","studies_in","INTEGER",11,1,1,1,1,"455","455","455",0
"ellis_runs","studies_out","INTEGER",12,1,1,1,1,"455","455","455",0
"ellis_runs","studies_in_frame","INTEGER",13,1,1,1,1,"155","155","155",0
"ellis_runs","status","TEXT",14,1,1,1,1,"completed","completed","completed",0
"ellis_runs","notes","TEXT",15,1,0,0,0,,,,1
"concept_lexicon","ellis_run_id","TEXT",1,37,37,1,1,"ellis-20260728T015434","ellis-20260728T015434","ellis-20260728T015434",0
"concept_lexicon","concept","TEXT",2,37,37,1,4,"ageing","dementia","ageing",0
"concept_lexicon","concept_weight","REAL",3,37,37,1,4,"0","3","3",0
"concept_lexicon","term_label","TEXT",4,37,37,1,37,"APOE","white matter","ageing or aging",0
"concept_lexicon","pattern","TEXT",5,37,37,1,37,,,,1
"concept_lexicon","match_mode","TEXT",6,37,37,1,2,"substring","word","substring",0
"concept_lexicon","rationale","TEXT",7,37,37,1,4,,,,1
"screening_evidence","ellis_run_id","TEXT",1,1025,1025,1,1,"ellis-20260728T015434","ellis-20260728T015434","ellis-20260728T015434",0
"screening_evidence","study_id","TEXT",2,1025,1025,1,211,"3d","zulu","abc1921",0
"screening_evidence","concept","TEXT",3,1025,1025,1,4,"ageing","dementia","ageing",0
"screening_evidence","term_label","TEXT",4,1025,1025,1,35,"APOE","white matter","cognition or cognitive",0
"screening_evidence","source_field","TEXT",5,1025,1025,1,6,"event_text","study_objectives","event_text",0
"screening_evidence","n_hits","INTEGER",6,1025,1025,1,53,"1","258","26",0
"screening_evidence","first_snippet","TEXT",7,1025,1025,1,996,,,,1
"screening_flow","ellis_run_id","TEXT",1,4,4,1,1,"ellis-20260728T015434","ellis-20260728T015434","ellis-20260728T015434",0
"screening_flow","step","INTEGER",2,4,4,1,4,"0","3","0",0
"screening_flow","criterion","TEXT",3,4,4,1,4,,,,1
"screening_flow","definition","TEXT",4,4,4,1,4,,,,1
"screening_flow","n_remaining","INTEGER",5,4,4,1,4,"155","455","455",0
"screening_flow","n_excluded","INTEGER",6,4,4,1,4,"0","283","0",0
"study_profile","ellis_run_id","TEXT",1,455,455,1,1,"ellis-20260728T015434","ellis-20260728T015434","ellis-20260728T015434",0
"study_profile","ferry_run_id","TEXT",2,455,455,1,1,"maelstrom-20260727T174615","maelstrom-20260727T174615","maelstrom-20260727T174615",0
"study_profile","study_id","TEXT",3,455,455,1,455,"3d","zulu","3d",0
"study_profile","study_acronym","TEXT",4,455,455,1,451,"10/66","stenoCARDIA","3D",0
"study_profile","study_name","TEXT",5,455,455,1,455,,,,1
"study_profile","study_page_url","TEXT",6,455,455,1,455,,,,1
"study_profile","website_url","TEXT",7,455,346,0.7604,307,,,,1
"study_profile","inventory_rank","INTEGER",8,455,455,1,455,"1","455","2",0
"study_profile","design_code","TEXT",9,455,455,1,7,"case_control","registry","case_control",0
"study_profile","design_label","TEXT",10,455,455,1,7,"Case only","Registry","Cohort study",0
"study_profile","study_start_year","INTEGER",11,455,455,1,73,"1920","2026","2010",0
"study_profile","published","INTEGER",12,455,455,1,1,"1","1","1",0
"study_profile","marker_paper","TEXT",13,455,311,0.6835,291,,,,1
"study_profile","pubmed_id","TEXT",14,455,271,0.5956,255,,,,1
"study_profile","n_populations","INTEGER",15,455,455,1,13,"1","20","4",0
"study_profile","target_number","INTEGER",16,455,380,0.8352,345,"20","4275000","8365",0
"study_profile","total_participants","INTEGER",17,455,376,0.8264,352,"20","4275000","8365",0
"study_profile","total_samples","INTEGER",18,455,258,0.567,233,"15","486019","5700",0
"study_profile","n_waves","INTEGER",19,455,455,1,66,"1","193","105",0
"study_profile","max_population_waves","INTEGER",20,455,455,1,38,"1","83","34",0
"study_profile","first_wave_year","INTEGER",21,455,455,1,73,"1920","2026","2010",0
"study_profile","last_wave_year","INTEGER",22,455,455,1,52,"1921","2032","2029",0
"study_profile","follow_up_span_years","INTEGER",23,455,455,1,59,"0","83","19",0
"study_profile","mean_wave_gap_years","REAL",24,455,375,0.8242,164,"0","67","0.584158415841584",0
"study_profile","n_planned_waves","INTEGER",25,455,455,1,7,"0","26","19",0
"study_profile","flag_longitudinal","INTEGER",26,455,455,1,2,"0","1","1",0
"study_profile","flag_repeated_within_population","INTEGER",27,455,455,1,2,"0","1","1",0
"study_profile","min_population_min_age","INTEGER",28,455,317,0.6967,56,"0","100","18",0
"study_profile","max_population_max_age","INTEGER",29,455,191,0.4198,59,"1","105","47",0
"study_profile","flag_older_adult_reach","INTEGER",30,455,455,1,2,"0","1","0",0
"study_profile","n_countries","INTEGER",31,455,455,1,10,"1","25","1",0
"study_profile","primary_country","TEXT",32,455,455,1,32,"ALB","ZAF","CAN",0
"study_profile","countries","TEXT",33,455,455,1,45,,,,1
"study_profile","flag_multinational","INTEGER",34,455,455,1,2,"0","1","0",0
"study_profile","access_data","TEXT",35,455,451,0.9912,3,"na","yes","yes",0
"study_profile","access_biosamples","TEXT",36,455,448,0.9846,3,"na","yes","yes",0
"study_profile","access_other","TEXT",37,455,436,0.9582,3,"na","yes","na",0
"study_profile","access_fees","INTEGER",38,455,390,0.8571,2,"0","1","1",0
"study_profile","access_restrictions","INTEGER",39,455,390,0.8571,2,"0","1","1",0
"study_profile","maelstrom_authorized","INTEGER",40,455,455,1,2,"0","1","0",0
"study_profile","attribute_coverage_known","INTEGER",41,455,455,1,2,"0","1","0",0
"study_profile","n_areas","INTEGER",42,455,455,1,18,"0","17","0",0
"study_profile","has_area_cognitive_psychological","INTEGER",43,455,455,1,2,"0","1","0",0
"study_profile","has_area_diseases","INTEGER",44,455,455,1,2,"0","1","0",0
"study_profile","has_area_health_status","INTEGER",45,455,455,1,2,"0","1","0",0
"study_profile","n_events_cognitive","INTEGER",46,455,455,1,30,"0","72","27",0
"study_profile","prop_events_cognitive","REAL",47,455,455,1,61,"0","1","0.257142857142857",0
"study_profile","has_source_cognitive_measures","INTEGER",48,455,455,1,2,"0","1","1",0
"study_profile","has_source_questionnaires","INTEGER",49,455,455,1,2,"0","1","1",0
"study_profile","has_source_physical_measures","INTEGER",50,455,455,1,2,"0","1","1",0
"study_profile","has_source_biological_samples","INTEGER",51,455,455,1,2,"0","1","1",0
"study_profile","has_source_administrative_databases","INTEGER",52,455,455,1,2,"0","1","1",0
"study_profile","has_biosample_blood","INTEGER",53,455,455,1,2,"0","1","1",0
"study_profile","n_dementia_hits","INTEGER",54,455,455,1,33,"0","263","0",0
"study_profile","n_cognition_hits","INTEGER",55,455,455,1,59,"0","328","50",0
"study_profile","n_brain_hits","INTEGER",56,455,455,1,12,"0","36","0",0
"study_profile","n_ageing_hits","INTEGER",57,455,455,1,24,"0","66","0",0
"study_profile","sig_text_dementia","INTEGER",58,455,455,1,2,"0","1","0",0
"study_profile","sig_text_cognition","INTEGER",59,455,455,1,2,"0","1","1",0
"study_profile","sig_text_brain","INTEGER",60,455,455,1,2,"0","1","0",0
"study_profile","sig_text_ageing","INTEGER",61,455,455,1,2,"0","1","0",0
"study_profile","sig_area_cognitive","INTEGER",62,455,455,1,2,"0","1","0",0
"study_profile","sig_source_cognitive","INTEGER",63,455,455,1,2,"0","1","1",0
"study_profile","relevance_score","REAL",64,455,455,1,10,"0","9","4",0
"study_profile","relevance_tier","TEXT",65,455,455,1,4,"core","unrelated","core",0
"study_profile","flag_topic_relevant","INTEGER",66,455,455,1,2,"0","1","1",0
"study_profile","flag_cognitive_evidence","INTEGER",67,455,455,1,2,"0","1","1",0
"study_profile","flag_in_frame","INTEGER",68,455,455,1,2,"0","1","0",0
"study_profile","frame_exclusion_reason","TEXT",69,455,300,0.6593,3,"Fewer than two data collection events","Relevance tier below 'probable'","Relevance tier below 'probable'",0
"study_population","ellis_run_id","TEXT",1,998,998,1,1,"ellis-20260728T015434","ellis-20260728T015434","ellis-20260728T015434",0
"study_population","study_id","TEXT",2,998,998,1,455,"3d","zulu","3d",0
"study_population","population_id","TEXT",3,998,998,1,39,"1","t-n","1",0
"study_population","population_order","INTEGER",4,998,998,1,20,"0","19","1",0
"study_population","population_name","TEXT",5,998,998,1,998,,,,1
"study_population","participant_number","INTEGER",6,998,848,0.8497,637,"1","4275000","2456",0
"study_population","sample_number","INTEGER",7,998,526,0.5271,383,"0","486019","2357",0
"study_population","minimum_age","INTEGER",8,998,658,0.6593,61,"0","100","18",0
"study_population","maximum_age","INTEGER",9,998,368,0.3687,62,"1","105","47",0
"study_population","age_span_years","INTEGER",10,998,332,0.3327,61,"0","87","29",0
"study_population","flag_newborn","INTEGER",11,998,998,1,2,"0","1","0",0
"study_population","flag_twins","INTEGER",12,998,998,1,2,"0","1","0",0
"study_population","flag_older_adult_reach","INTEGER",13,998,998,1,2,"0","1","0",0
"study_population","n_countries","INTEGER",14,998,998,1,9,"0","25","1",0
"study_population","primary_country","TEXT",15,998,994,0.996,44,"ALB","ZAF","CAN",0
"study_population","countries","TEXT",16,998,994,0.996,51,,,,1
"study_population","recruitment_data_sources","TEXT",17,998,991,0.993,9,,,,1
"study_population","recruitment_general","TEXT",18,998,477,0.478,6,,,,1
"study_population","recruitment_specific","TEXT",19,998,457,0.4579,5,,,,1
"study_population","n_waves","INTEGER",20,998,998,1,42,"1","83","34",0
"study_population","first_wave_year","INTEGER",21,998,998,1,77,"1920","2026","2010",0
"study_population","last_wave_year","INTEGER",22,998,998,1,57,"1921","2032","2028",0
"study_population","follow_up_span_years","INTEGER",23,998,998,1,61,"0","83","18",0
"study_wave","ellis_run_id","TEXT",1,6482,6482,1,1,"ellis-20260728T015434","ellis-20260728T015434","ellis-20260728T015434",0
"study_wave","study_id","TEXT",2,6482,6482,1,455,"3d","zulu","3d",0
"study_wave","population_id","TEXT",3,6482,6482,1,39,"1","t-n","1",0
"study_wave","dce_id","TEXT",4,6482,6482,1,88,"0","r","1",0
"study_wave","wave_name","TEXT",5,6482,6482,1,6189,,,,1
"study_wave","wave_order_study","INTEGER",6,6482,6482,1,193,"1","193","1",0
"study_wave","wave_order_population","INTEGER",7,6482,6482,1,83,"1","83","1",0
"study_wave","start_year","INTEGER",8,6482,6482,1,98,"1920","2032","2010",0
"study_wave","end_year","INTEGER",9,6482,5692,0.8781,95,"1922","2035","2012",0
"study_wave","duration_years","INTEGER",10,6482,5692,0.8781,41,"-1","68","2",0
"study_wave","years_since_first_wave","INTEGER",11,6482,6482,1,69,"0","83","0",0
"study_wave","gap_from_prior_wave_years","INTEGER",12,6482,5484,0.846,27,"0","74","0",0
"study_wave","n_data_sources","INTEGER",13,6482,6482,1,7,"0","6","4",0
"study_wave","has_questionnaires","INTEGER",14,6482,6482,1,2,"0","1","1",0
"study_wave","has_cognitive_measures","INTEGER",15,6482,6482,1,2,"0","1","0",0
"study_wave","has_physical_measures","INTEGER",16,6482,6482,1,2,"0","1","1",0
"study_wave","has_biological_samples","INTEGER",17,6482,6482,1,2,"0","1","1",0
"study_wave","has_administrative_databases","INTEGER",18,6482,6482,1,2,"0","1","1",0
"study_wave","has_other_sources","INTEGER",19,6482,6482,1,2,"0","1","0",0
"study_wave","n_biosamples","INTEGER",20,6482,6482,1,7,"0","6","3",0
"study_wave","has_biosample_blood","INTEGER",21,6482,6482,1,2,"0","1","1",0
"study_wave","flag_planned_wave","INTEGER",22,6482,6482,1,2,"0","1","0",0
"study_domain","ellis_run_id","TEXT",1,8190,8190,1,1,"ellis-20260728T015434","ellis-20260728T015434","ellis-20260728T015434",0
"study_domain","study_id","TEXT",2,8190,8190,1,455,"3d","zulu","3d",0
"study_domain","area_code","TEXT",3,8190,8190,1,18,"Administrative_information","Symptoms_signs","Administrative_information",0
"study_domain","area_label","TEXT",4,8190,8190,1,18,"Administrative information","Symptoms signs","Administrative information",0
"study_domain","has_area","INTEGER",5,8190,8190,1,2,"0","1","0",0
"study_domain","attribute_coverage_known","INTEGER",6,8190,8190,1,2,"0","1","0",0
"dementia_frame","ellis_run_id","TEXT",1,155,155,1,1,"ellis-20260728T015434","ellis-20260728T015434","ellis-20260728T015434",0
"dementia_frame","ferry_run_id","TEXT",2,155,155,1,1,"maelstrom-20260727T174615","maelstrom-20260727T174615","maelstrom-20260727T174615",0
"dementia_frame","study_id","TEXT",3,155,155,1,155,"3d","zulu","3d",0
"dementia_frame","study_acronym","TEXT",4,155,155,1,154,"10/66","ZULU","3D",0
"dementia_frame","study_name","TEXT",5,155,155,1,155,,,,1
"dementia_frame","study_page_url","TEXT",6,155,155,1,155,,,,1
"dementia_frame","website_url","TEXT",7,155,125,0.8065,109,,,,1
"dementia_frame","inventory_rank","INTEGER",8,155,155,1,155,"1","453","2",0
"dementia_frame","design_code","TEXT",9,155,155,1,6,"case_control","registry","cohort_study",0
"dementia_frame","design_label","TEXT",10,155,155,1,6,"Case-control","Registry","Cohort study",0
"dementia_frame","study_start_year","INTEGER",11,155,155,1,51,"1920","2022","2010",0
"dementia_frame","published","INTEGER",12,155,155,1,1,"1","1","1",0
"dementia_frame","marker_paper","TEXT",13,155,144,0.929,136,,,,1
"dementia_frame","pubmed_id","TEXT",14,155,125,0.8065,119,,,,1
"dementia_frame","n_populations","INTEGER",15,155,155,1,11,"1","17","4",0
"dementia_frame","target_number","INTEGER",16,155,150,0.9677,143,"22","503316","8365",0
"dementia_frame","total_participants","INTEGER",17,155,150,0.9677,147,"22","503316","8365",0
"dementia_frame","total_samples","INTEGER",18,155,107,0.6903,106,"22","486019","5700",0
"dementia_frame","n_waves","INTEGER",19,155,155,1,44,"2","193","105",0
"dementia_frame","max_population_waves","INTEGER",20,155,155,1,24,"1","72","34",0
"dementia_frame","first_wave_year","INTEGER",21,155,155,1,52,"1920","2023","2010",0
"dementia_frame","last_wave_year","INTEGER",22,155,155,1,37,"1978","2032","2029",0
"dementia_frame","follow_up_span_years","INTEGER",23,155,155,1,46,"0","83","19",0
"dementia_frame","mean_wave_gap_years","REAL",24,155,153,0.9871,90,"0","41.5","0.584158415841584",0
"dementia_frame","n_planned_waves","INTEGER",25,155,155,1,4,"0","19","19",0
"dementia_frame","flag_longitudinal","INTEGER",26,155,155,1,1,"1","1","1",0
"dementia_frame","flag_repeated_within_population","INTEGER",27,155,155,1,2,"0","1","1",0
"dementia_frame","min_population_min_age","INTEGER",28,155,135,0.871,40,"3","100","18",0
"dementia_frame","max_population_max_age","INTEGER",29,155,80,0.5161,43,"3","100","47",0
"dementia_frame","flag_older_adult_reach","INTEGER",30,155,155,1,2,"0","1","0",0
"dementia_frame","n_countries","INTEGER",31,155,155,1,6,"1","8","1",0
"dementia_frame","primary_country","TEXT",32,155,155,1,25,"ALB","USA","CAN",0
"dementia_frame","countries","TEXT",33,155,155,1,31,,,,1
"dementia_frame","flag_multinational","INTEGER",34,155,155,1,2,"0","1","0",0
"dementia_frame","access_data","TEXT",35,155,155,1,3,"na","yes","yes",0
"dementia_frame","access_biosamples","TEXT",36,155,155,1,3,"na","yes","yes",0
"dementia_frame","access_other","TEXT",37,155,153,0.9871,3,"na","yes","na",0
"dementia_frame","access_fees","INTEGER",38,155,111,0.7161,2,"0","1","1",0
"dementia_frame","access_restrictions","INTEGER",39,155,111,0.7161,2,"0","1","1",0
"dementia_frame","maelstrom_authorized","INTEGER",40,155,155,1,2,"0","1","0",0
"dementia_frame","attribute_coverage_known","INTEGER",41,155,155,1,2,"0","1","0",0
"dementia_frame","n_areas","INTEGER",42,155,155,1,14,"0","17","0",0
"dementia_frame","has_area_cognitive_psychological","INTEGER",43,155,155,1,2,"0","1","0",0
"dementia_frame","has_area_diseases","INTEGER",44,155,155,1,2,"0","1","0",0
"dementia_frame","has_area_health_status","INTEGER",45,155,155,1,2,"0","1","0",0
"dementia_frame","n_events_cognitive","INTEGER",46,155,155,1,30,"0","72","27",0
"dementia_frame","prop_events_cognitive","REAL",47,155,155,1,57,"0","1","0.257142857142857",0
"dementia_frame","has_source_cognitive_measures","INTEGER",48,155,155,1,2,"0","1","1",0
"dementia_frame","has_source_questionnaires","INTEGER",49,155,155,1,1,"1","1","1",0
"dementia_frame","has_source_physical_measures","INTEGER",50,155,155,1,2,"0","1","1",0
"dementia_frame","has_source_biological_samples","INTEGER",51,155,155,1,2,"0","1","1",0
"dementia_frame","has_source_administrative_databases","INTEGER",52,155,155,1,2,"0","1","1",0
"dementia_frame","has_biosample_blood","INTEGER",53,155,155,1,2,"0","1","1",0
"dementia_frame","n_dementia_hits","INTEGER",54,155,155,1,33,"0","263","0",0
"dementia_frame","n_cognition_hits","INTEGER",55,155,155,1,59,"0","328","50",0
"dementia_frame","n_brain_hits","INTEGER",56,155,155,1,11,"0","36","0",0
"dementia_frame","n_ageing_hits","INTEGER",57,155,155,1,22,"0","66","0",0
"dementia_frame","sig_text_dementia","INTEGER",58,155,155,1,2,"0","1","0",0
"dementia_frame","sig_text_cognition","INTEGER",59,155,155,1,2,"0","1","1",0
"dementia_frame","sig_text_brain","INTEGER",60,155,155,1,2,"0","1","0",0
"dementia_frame","sig_text_ageing","INTEGER",61,155,155,1,2,"0","1","0",0
"dementia_frame","sig_area_cognitive","INTEGER",62,155,155,1,2,"0","1","0",0
"dementia_frame","sig_source_cognitive","INTEGER",63,155,155,1,2,"0","1","1",0
"dementia_frame","relevance_score","REAL",64,155,155,1,7,"3","9","4",0
"dementia_frame","relevance_tier","TEXT",65,155,155,1,2,"core","probable","probable",0
"dementia_frame","flag_topic_relevant","INTEGER",66,155,155,1,1,"1","1","1",0
"dementia_frame","flag_cognitive_evidence","INTEGER",67,155,155,1,1,"1","1","1",0
"dementia_frame","flag_in_frame","INTEGER",68,155,155,1,1,"1","1","1",0
"dementia_frame","frame_exclusion_reason","TEXT",69,155,0,0,0,,,,0
